TransactionID,ProductID,CustomerID,Date,Quantity,Price
T1000,P46,C79,2024-10-26,1,81.28
T1001,P23,C138,2024-01-21,9,41.81
T1002,P1,C111,2024-05-06,5,86.47
T1003,P1,C165,2024-03-12,4,34.07
T1004,P98,C47,2024-03-25,5,23.17
T1005,P46,C81,2024-08-22,8,36.94
T1006,P96,C81,2024-01-12,9,60.26
T1007,P30,C172,2024-05-02,4,18.21
T1008,P74,C154,2024-09-08,1,29.63
T1009,P67,C106,2024-02-29,10,24.78
T1010,P78,C187,2024-10-18,1,32.05
T1011,P28,C199,2024-03-19,4,39.1
T1012,P82,C34,2024-07-21,2,87.06
T1013,P39,C109,2024-11-05,9,44.59
T1014,P33,C96,2024-07-27,6,78.95
T1015,P24,C184,2024-06-22,2,66.39
T1016,P12,C93,2024-10-03,4,86.97
T1017,P11,C118,2024-07-20,9,96.56
T1018,P99,C101,2024-01-08,1,61.37
T1019,P65,C200,2024-12-05,2,70.76
T1020,P15,C87,2024-07-04,3,42.83
T1021,P36,C91,2024-02-07,2,8.12
T1022,P33,C63,2024-11-29,2,41.11
T1023,P71,C117,2024-05-28,2,6.94
T1024,P53,C133,2024-05-09,3,59.76
T1025,P85,C45,2024-03-03,4,18.19
T1026,P36,C70,2024-04-15,10,14.33
T1027,P32,C72,2024-10-19,10,65.6
T1028,P63,C10,2024-09-03,2,37.44
T1029,P60,C107,2024-03-08,8,31.13
T1030,P15,C84,2024-08-01,7,84.1
T1031,P2,C60,2024-10-27,9,68.01
T1032,P73,C56,2024-08-01,4,75.82
T1033,P76,C139,2024-06-07,3,67.29
T1034,P5,C176,2024-03-24,2,62.51
T1035,P43,C62,2024-02-26,4,92.24
T1036,P95,C21,2024-12-05,1,27.19
T1037,P36,C152,2024-06-16,10,20.46
T1038,P82,C158,2024-11-05,1,59.09
T1039,P40,C157,2024-10-15,3,93.88
T1040,P38,C137,2024-03-15,8,39.76
T1041,P93,C95,2024-05-15,1,16.03
T1042,P95,C102,2024-09-12,8,95.94
T1043,P1,C29,2024-02-12,6,9.58
T1044,P100,C108,2024-09-03,7,57.66
T1045,P76,C106,2024-10-28,3,73.16
T1046,P85,C119,2024-01-07,9,63.13
T1047,P42,C11,2024-08-10,9,59.31
T1048,P49,C178,2024-01-04,3,18.64
T1049,P90,C91,2024-08-04,7,79.97
T1050,P35,C24,2024-04-06,8,72.55
T1051,P91,C109,2024-06-07,1,5.71
T1052,P18,C124,2024-03-03,7,87.65
T1053,P7,C18,2024-07-01,4,77.21
T1054,P88,C168,2024-02-02,6,14.59
T1055,P10,C41,2024-07-29,9,64.22
T1056,P90,C159,2024-10-30,9,53.4
T1057,P27,C173,2024-10-01,1,79.38
T1058,P10,C72,2024-08-04,3,75.19
T1059,P29,C179,2024-11-27,8,19.79
T1060,P19,C3,2024-11-28,9,16.04
T1061,P23,C78,2024-05-19,4,50.9
T1062,P76,C37,2024-11-21,5,33.3
T1063,P96,C48,2024-08-30,2,10.07
T1064,P13,C101,2024-04-04,6,54.55
T1065,P45,C115,2024-02-03,1,18.1
T1066,P5,C59,2024-09-05,9,73.58
T1067,P61,C127,2024-10-08,7,24.98
T1068,P77,C126,2024-02-07,8,60.83
T1069,P92,C176,2024-07-18,10,98.57
T1070,P1,C61,2024-10-04,5,48.43
T1071,P83,C156,2024-01-16,10,64.72
T1072,P69,C185,2024-03-20,1,62.14
T1073,P45,C116,2024-08-27,9,94.26
T1074,P4,C100,2024-04-27,10,28.96
T1075,P18,C15,2024-02-12,7,29.84
T1076,P35,C170,2024-11-13,7,92.07
T1077,P87,C168,2024-01-22,7,44.96
T1078,P35,C87,2024-01-07,3,55.59
T1079,P91,C52,2024-12-02,9,50.23
T1080,P16,C32,2024-10-07,3,61.61
T1081,P61,C130,2024-08-11,7,8.33
T1082,P46,C22,2024-11-06,6,60.91
T1083,P68,C62,2024-01-17,1,88.15
T1084,P15,C58,2024-06-17,8,58.65
T1085,P71,C55,2024-06-17,1,12.55
T1086,P61,C101,2024-05-20,9,19.29
T1087,P99,C73,2024-06-15,5,41.77
T1088,P95,C99,2024-09-01,9,29.1
T1089,P46,C66,2024-04-30,1,17.2
T1090,P24,C77,2024-08-26,9,99.16
T1091,P24,C114,2024-11-15,5,20.99
T1092,P6,C147,2024-06-19,7,81.27
T1093,P79,C4,2024-10-22,10,71.52
T1094,P6,C29,2024-04-21,7,76.0
T1095,P70,C55,2024-06-08,7,37.99
T1096,P58,C156,2024-12-02,1,56.34
T1097,P36,C61,2024-07-19,4,7.35
T1098,P27,C172,2024-02-10,3,53.09
T1099,P4,C17,2024-04-05,3,73.32
T1100,P85,C122,2024-02-20,10,99.06
T1101,P70,C38,2024-03-29,1,54.12
T1102,P72,C165,2024-11-27,1,77.55
T1103,P52,C103,2024-08-15,2,61.49
T1104,P62,C16,2024-06-29,3,6.04
T1105,P33,C87,2024-10-22,4,11.26
T1106,P13,C140,2024-03-30,4,37.46
T1107,P72,C24,2024-08-13,8,67.19
T1108,P53,C136,2024-07-29,5,88.8
T1109,P71,C101,2024-10-07,8,35.85
T1110,P87,C168,2024-06-05,2,47.47
T1111,P21,C190,2024-01-10,3,13.77
T1112,P53,C91,2024-03-28,2,28.23
T1113,P37,C65,2024-06-25,7,57.57
T1114,P31,C139,2024-06-21,2,15.34
T1115,P29,C199,2024-08-13,5,42.66
T1116,P13,C89,2024-03-31,1,7.88
T1117,P39,C13,2024-01-16,2,30.04
T1118,P3,C75,2024-11-14,1,92.71
T1119,P57,C58,2024-03-13,7,7.46
T1120,P76,C153,2024-06-22,4,42.02
T1121,P30,C199,2024-09-27,1,11.14
T1122,P59,C125,2024-04-02,9,94.09
T1123,P44,C37,2024-05-31,6,36.37
T1124,P36,C166,2024-09-16,6,6.59
T1125,P96,C118,2024-10-18,4,12.18
T1126,P73,C173,2024-09-20,9,30.9
T1127,P86,C58,2024-07-18,2,19.66
T1128,P18,C31,2024-09-07,5,33.12
T1129,P96,C26,2024-02-06,10,15.26
T1130,P22,C9,2024-07-26,5,27.25
T1131,P75,C5,2024-10-19,4,93.73
T1132,P48,C182,2024-10-28,5,65.34
T1133,P9,C122,2024-01-17,7,9.77
T1134,P73,C88,2024-02-12,8,57.45
T1135,P12,C195,2024-02-11,9,26.11
T1136,P16,C106,2024-03-30,3,53.21
T1137,P89,C98,2024-06-01,7,91.24
T1138,P3,C106,2024-05-03,4,84.18
T1139,P50,C1,2024-11-24,1,45.37
T1140,P78,C19,2024-04-16,2,81.85
T1141,P43,C154,2024-05-08,8,90.1
T1142,P26,C34,2024-03-05,10,11.68
T1143,P95,C136,2024-09-12,5,34.35
T1144,P18,C47,2024-02-23,1,59.41
T1145,P36,C160,2024-07-04,10,53.32
T1146,P67,C30,2024-01-13,10,44.62
T1147,P35,C192,2024-08-14,8,63.83
T1148,P96,C53,2024-04-14,1,44.32
T1149,P97,C163,2024-05-02,6,79.4
T1150,P75,C50,2024-10-15,7,40.47
T1151,P2,C167,2024-08-23,6,43.93
T1152,P10,C185,2024-06-05,8,83.19
T1153,P7,C134,2024-12-11,10,55.73
T1154,P69,C4,2024-03-02,8,99.88
T1155,P23,C26,2024-06-15,8,82.89
T1156,P49,C10,2024-07-04,5,39.43
T1157,P97,C142,2024-11-08,2,13.01
T1158,P83,C142,2024-06-10,6,58.47
T1159,P52,C25,2024-01-06,8,68.27
T1160,P96,C36,2024-01-20,8,51.52
T1161,P61,C49,2024-03-24,2,75.37
T1162,P97,C88,2024-05-26,8,64.04
T1163,P36,C30,2024-03-18,5,37.33
T1164,P40,C80,2024-11-03,10,13.92
T1165,P12,C172,2024-09-08,6,33.25
T1166,P25,C144,2024-02-02,8,19.33
T1167,P97,C40,2024-11-24,10,15.15
T1168,P89,C112,2024-11-28,6,71.14
T1169,P8,C196,2024-01-18,1,79.3
T1170,P67,C137,2024-02-14,4,99.15
T1171,P68,C5,2024-10-19,6,48.84
T1172,P51,C28,2024-05-03,9,25.81
T1173,P17,C190,2024-11-30,9,56.13
T1174,P63,C151,2024-06-22,5,36.02
T1175,P32,C200,2024-10-28,1,12.98
T1176,P80,C74,2024-02-11,9,79.29
T1177,P82,C77,2024-05-04,7,49.32
T1178,P98,C101,2024-09-25,5,20.39
T1179,P17,C193,2024-11-06,3,9.61
T1180,P81,C4,2024-09-02,6,94.56
T1181,P93,C25,2024-11-28,5,37.15
T1182,P19,C166,2024-07-17,3,5.97
T1183,P9,C130,2024-09-25,7,49.24
T1184,P23,C99,2024-06-30,3,16.86
T1185,P76,C101,2024-10-16,9,75.47
T1186,P63,C179,2024-10-17,10,26.44
T1187,P100,C86,2024-09-09,4,54.35
T1188,P87,C185,2024-05-12,4,82.62
T1189,P2,C84,2024-03-21,7,56.69
T1190,P8,C125,2024-09-26,4,55.39
T1191,P56,C74,2024-07-02,9,60.4
T1192,P15,C21,2024-05-25,10,14.99
T1193,P97,C59,2024-10-19,10,45.13
T1194,P72,C178,2024-10-31,3,71.48
T1195,P72,C45,2024-08-06,1,23.42
T1196,P49,C153,2024-08-09,7,93.06
T1197,P80,C16,2024-10-11,1,96.23
T1198,P52,C151,2024-03-01,2,36.32
T1199,P16,C68,2024-05-19,9,31.02
T1200,P8,C125,2024-06-20,5,60.06
T1201,P86,C1,2024-02-13,3,34.19
T1202,P19,C68,2024-06-14,3,73.58
T1203,P42,C8,2024-07-18,1,21.16
T1204,P27,C157,2024-01-07,4,82.29
T1205,P44,C35,2024-06-20,3,12.08
T1206,P78,C187,2024-02-18,5,62.75
T1207,P14,C171,2024-09-19,1,88.65
T1208,P30,C47,2024-01-13,10,30.28
T1209,P46,C23,2024-09-05,4,57.47
T1210,P19,C50,2024-06-06,3,55.46
T1211,P79,C3,2024-09-24,10,99.65
T1212,P12,C112,2024-07-13,10,29.32
T1213,P13,C62,2024-05-17,7,29.6
T1214,P26,C84,2024-08-31,6,82.35
T1215,P94,C172,2024-02-19,4,82.44
T1216,P26,C67,2024-11-02,3,16.3
T1217,P84,C146,2024-10-06,5,75.67
T1218,P91,C4,2024-07-04,6,91.83
T1219,P62,C95,2024-09-12,7,21.32
T1220,P49,C126,2024-05-26,5,87.29
T1221,P42,C109,2024-04-05,7,16.25
T1222,P6,C190,2024-05-26,10,23.45
T1223,P91,C162,2024-01-01,10,16.47
T1224,P16,C180,2024-11-06,9,51.44
T1225,P73,C119,2024-10-04,2,36.65
T1226,P69,C65,2024-08-14,5,62.47
T1227,P8,C74,2024-08-10,9,19.21
T1228,P84,C79,2024-07-08,1,98.12
T1229,P83,C11,2024-12-11,9,81.12
T1230,P28,C193,2024-09-25,8,28.87
T1231,P65,C24,2024-06-19,8,57.6
T1232,P13,C155,2024-04-28,5,47.56
T1233,P60,C165,2024-02-22,6,10.24
T1234,P32,C6,2024-04-16,9,77.08
T1235,P84,C154,2024-01-12,2,19.11
T1236,P100,C62,2024-08-24,3,23.54
T1237,P95,C57,2024-08-07,9,98.38
T1238,P44,C165,2024-11-18,8,99.51
T1239,P47,C37,2024-04-05,6,63.22
T1240,P1,C53,2024-06-30,3,100.0
T1241,P41,C4,2024-01-13,1,34.63
T1242,P75,C102,2024-06-29,4,42.44
T1243,P61,C148,2024-08-13,7,44.91
T1244,P32,C176,2024-12-08,10,25.09
T1245,P32,C186,2024-10-24,7,35.6
T1246,P6,C55,2024-04-21,10,98.91
T1247,P19,C171,2024-10-02,2,56.7
T1248,P67,C89,2024-07-07,1,58.88
T1249,P77,C80,2024-09-25,3,84.93
T1250,P48,C107,2024-04-16,4,14.37
T1251,P62,C11,2024-03-22,10,43.49
T1252,P68,C53,2024-02-03,8,85.27
T1253,P80,C13,2024-04-14,8,97.45
T1254,P27,C40,2024-04-24,6,94.03
T1255,P27,C158,2024-02-14,9,91.57
T1256,P29,C15,2024-06-25,6,60.96
T1257,P77,C10,2024-02-29,10,61.9
T1258,P11,C29,2024-08-12,3,59.32
T1259,P75,C139,2024-08-20,2,19.44
T1260,P93,C132,2024-05-23,8,19.69
T1261,P31,C113,2024-09-23,9,93.11
T1262,P16,C102,2024-03-10,9,39.62
T1263,P34,C89,2024-04-05,3,12.47
T1264,P92,C117,2024-08-25,5,70.1
T1265,P14,C45,2024-11-20,6,82.09
T1266,P2,C86,2024-01-04,7,24.51
T1267,P24,C196,2024-01-27,7,32.56
T1268,P87,C103,2024-05-13,2,68.41
T1269,P6,C96,2024-06-08,8,15.16
T1270,P22,C70,2024-05-07,4,34.79
T1271,P4,C26,2024-05-31,7,11.34
T1272,P73,C61,2024-05-31,7,64.83
T1273,P85,C190,2024-10-12,1,66.26
T1274,P61,C131,2024-08-25,2,82.78
T1275,P75,C159,2024-01-25,2,66.95
T1276,P30,C185,2024-10-27,7,35.51
T1277,P15,C117,2024-02-22,10,51.1
T1278,P60,C108,2024-08-31,9,87.54
T1279,P5,C7,2024-08-18,10,53.74
T1280,P9,C135,2024-07-15,1,49.89
T1281,P17,C87,2024-11-08,8,84.04
T1282,P90,C36,2024-10-17,5,41.32
T1283,P81,C98,2024-09-14,8,68.41
T1284,P100,C107,2024-05-29,9,39.47
T1285,P72,C149,2024-05-17,2,29.69
T1286,P81,C133,2024-05-19,5,78.35
T1287,P32,C180,2024-11-20,4,14.37
T1288,P25,C26,2024-02-15,7,28.18
T1289,P92,C122,2024-05-24,2,97.84
T1290,P25,C12,2024-02-18,4,58.5
T1291,P99,C106,2024-01-22,10,23.97
T1292,P2,C139,2024-04-14,8,51.22
T1293,P39,C144,2024-07-19,2,35.39
T1294,P44,C94,2024-09-10,3,40.55
T1295,P97,C113,2024-04-28,3,55.19
T1296,P71,C53,2024-08-25,1,34.63
T1297,P65,C13,2024-03-02,2,28.06
T1298,P97,C108,2024-09-08,4,5.37
T1299,P20,C90,2024-03-28,6,14.48
T1300,P77,C177,2024-05-27,4,8.02
T1301,P43,C89,2024-07-26,4,13.96
T1302,P50,C162,2024-03-03,5,41.46
T1303,P36,C144,2024-12-06,7,50.52
T1304,P98,C179,2024-07-04,5,21.54
T1305,P36,C110,2024-10-03,10,26.14
T1306,P65,C15,2024-06-06,7,12.05
T1307,P46,C178,2024-10-13,4,38.3
T1308,P28,C78,2024-03-16,8,67.55
T1309,P41,C180,2024-11-24,1,53.54
T1310,P50,C23,2024-10-13,4,51.7
T1311,P55,C155,2024-08-28,9,97.31
T1312,P99,C55,2024-04-01,5,99.78
T1313,P5,C35,2024-04-14,10,8.23
T1314,P16,C39,2024-08-11,7,18.65
T1315,P96,C53,2024-04-27,3,50.67
T1316,P31,C152,2024-10-25,8,61.79
T1317,P49,C180,2024-12-01,5,65.3
T1318,P65,C99,2024-09-20,4,25.67
T1319,P53,C158,2024-01-25,6,8.65
T1320,P62,C59,2024-08-03,3,77.0
T1321,P14,C99,2024-09-17,3,83.83
T1322,P22,C81,2024-04-09,10,86.8
T1323,P27,C77,2024-08-18,7,92.65
T1324,P58,C140,2024-01-04,5,50.9
T1325,P87,C173,2024-08-31,7,91.47
T1326,P59,C159,2024-10-20,3,28.49
T1327,P64,C11,2024-10-16,1,70.17
T1328,P77,C195,2024-10-18,3,79.53
T1329,P8,C103,2024-08-16,9,68.35
T1330,P49,C112,2024-07-11,10,6.28
T1331,P9,C137,2024-06-15,8,55.49
T1332,P58,C119,2024-02-13,3,96.36
T1333,P52,C127,2024-11-14,6,40.53
T1334,P34,C13,2024-09-12,1,61.18
T1335,P23,C64,2024-03-24,1,51.97
T1336,P55,C126,2024-02-06,6,83.35
T1337,P97,C153,2024-10-19,3,49.0
T1338,P86,C89,2024-12-06,8,18.08
T1339,P72,C144,2024-06-13,7,78.3
T1340,P34,C184,2024-06-24,8,76.82
T1341,P4,C150,2024-07-02,3,41.23
T1342,P78,C156,2024-06-08,4,6.09
T1343,P8,C30,2024-06-20,1,43.29
T1344,P54,C31,2024-01-05,1,21.35
T1345,P29,C118,2024-04-24,9,64.77
T1346,P35,C168,2024-07-17,10,47.59
T1347,P97,C91,2024-01-18,1,8.66
T1348,P19,C38,2024-07-16,7,18.25
T1349,P98,C123,2024-11-25,7,87.39
T1350,P45,C187,2024-11-02,3,10.69
T1351,P76,C178,2024-05-24,7,66.32
T1352,P78,C142,2024-07-23,7,54.12
T1353,P28,C134,2024-03-01,3,66.46
T1354,P34,C114,2024-12-01,4,96.9
T1355,P81,C187,2024-10-18,3,38.3
T1356,P23,C88,2024-09-23,3,17.24
T1357,P76,C12,2024-02-23,1,91.86
T1358,P33,C1,2024-07-11,1,18.93
T1359,P86,C184,2024-07-09,9,49.7
T1360,P72,C126,2024-10-18,8,61.54
T1361,P11,C131,2024-05-24,2,83.33
T1362,P64,C185,2024-05-29,8,79.78
T1363,P68,C169,2024-08-04,9,47.67
T1364,P1,C134,2024-02-13,4,75.48
T1365,P88,C185,2024-05-21,9,41.7
T1366,P13,C155,2024-04-22,7,51.16
T1367,P67,C182,2024-06-07,5,32.11
T1368,P43,C163,2024-08-29,4,51.35
T1369,P15,C23,2024-03-05,4,97.34
T1370,P65,C1,2024-07-16,5,29.98
T1371,P8,C156,2024-09-18,2,5.24
T1372,P1,C176,2024-05-26,5,17.1
T1373,P52,C187,2024-02-23,1,75.21
T1374,P44,C40,2024-01-11,10,72.38
T1375,P94,C121,2024-01-04,7,76.27
T1376,P66,C194,2024-06-08,3,79.43
T1377,P34,C188,2024-02-26,4,96.74
T1378,P95,C57,2024-10-02,3,19.58
T1379,P72,C142,2024-03-31,2,95.14
T1380,P72,C190,2024-01-27,2,68.32
T1381,P99,C118,2024-10-19,2,49.63
T1382,P59,C11,2024-02-23,8,67.74
T1383,P39,C96,2024-06-10,6,33.58
T1384,P69,C199,2024-06-25,4,18.42
T1385,P19,C45,2024-06-08,2,75.66
T1386,P68,C2,2024-11-14,8,81.92
T1387,P21,C41,2024-07-06,3,29.75
T1388,P37,C108,2024-07-14,10,60.8
T1389,P61,C40,2024-11-07,8,55.92
T1390,P73,C91,2024-08-29,5,88.15
T1391,P38,C113,2024-11-24,4,14.97
T1392,P91,C156,2024-01-26,6,29.52
T1393,P79,C21,2024-05-04,6,62.37
T1394,P12,C158,2024-01-08,6,54.74
T1395,P37,C86,2024-02-14,8,56.32
T1396,P87,C167,2024-12-11,1,14.05
T1397,P88,C70,2024-10-16,4,21.43
T1398,P97,C9,2024-04-25,9,59.47
T1399,P88,C139,2024-03-05,7,57.42
T1400,P79,C20,2024-12-03,10,61.29
T1401,P77,C73,2024-05-26,2,42.25
T1402,P63,C49,2024-07-17,4,14.57
T1403,P67,C95,2024-08-02,8,99.23
T1404,P95,C136,2024-01-19,7,70.58
T1405,P92,C28,2024-10-10,1,43.96
T1406,P35,C90,2024-10-29,3,92.18
T1407,P87,C12,2024-10-10,10,79.73
T1408,P86,C20,2024-02-05,4,35.94
T1409,P80,C80,2024-03-25,1,92.4
T1410,P84,C171,2024-07-12,2,39.48
T1411,P9,C96,2024-10-31,9,13.57
T1412,P1,C97,2024-10-04,2,5.41
T1413,P14,C49,2024-01-10,6,83.18
T1414,P61,C140,2024-07-07,2,15.36
T1415,P64,C176,2024-02-05,3,9.94
T1416,P82,C51,2024-07-26,1,23.41
T1417,P52,C189,2024-04-16,10,62.47
T1418,P14,C83,2024-08-19,1,48.11
T1419,P23,C12,2024-05-16,10,55.05
T1420,P59,C133,2024-05-26,5,84.46
T1421,P90,C79,2024-05-19,6,29.52
T1422,P47,C160,2024-01-02,7,54.08
T1423,P48,C90,2024-09-01,6,21.12
T1424,P2,C115,2024-05-10,2,78.23
T1425,P6,C184,2024-09-29,10,71.07
T1426,P15,C121,2024-06-09,1,49.31
T1427,P29,C134,2024-05-15,4,32.44
T1428,P4,C200,2024-04-27,4,83.89
T1429,P14,C76,2024-03-12,10,55.57
T1430,P78,C43,2024-03-22,6,71.44
T1431,P1,C56,2024-04-19,1,72.06
T1432,P94,C196,2024-04-03,6,45.43
T1433,P91,C85,2024-02-03,4,95.57
T1434,P63,C158,2024-01-05,4,24.1
T1435,P2,C101,2024-04-05,4,61.57
T1436,P82,C182,2024-01-22,7,23.1
T1437,P81,C55,2024-11-17,9,64.61
T1438,P84,C132,2024-09-07,9,66.84
T1439,P24,C186,2024-06-13,2,64.45
T1440,P37,C48,2024-08-26,8,79.97
T1441,P50,C72,2024-06-01,5,66.19
T1442,P2,C150,2024-05-28,3,30.46
T1443,P64,C73,2024-11-02,1,68.76
T1444,P74,C154,2024-10-29,10,71.55
T1445,P66,C126,2024-09-13,4,40.43
T1446,P38,C130,2024-07-06,4,42.55
T1447,P20,C61,2024-12-09,9,76.07
T1448,P77,C132,2024-12-09,6,90.83
T1449,P92,C5,2024-01-03,5,77.38
T1450,P16,C169,2024-09-22,8,6.76
T1451,P89,C143,2024-01-18,6,6.21
T1452,P94,C92,2024-04-09,3,64.04
T1453,P18,C62,2024-06-27,5,33.81
T1454,P90,C83,2024-07-15,9,28.46
T1455,P13,C52,2024-03-04,5,35.39
T1456,P59,C28,2024-01-22,2,23.19
T1457,P1,C41,2024-08-30,7,23.45
T1458,P43,C197,2024-07-01,8,45.11
T1459,P99,C59,2024-10-13,7,91.67
T1460,P22,C40,2024-02-06,8,53.9
T1461,P7,C43,2024-01-03,7,99.55
T1462,P63,C186,2024-01-09,2,51.51
T1463,P17,C81,2024-10-10,7,6.36
T1464,P19,C130,2024-09-21,8,34.0
T1465,P70,C53,2024-10-24,10,52.4
T1466,P39,C167,2024-04-30,5,66.44
T1467,P25,C181,2024-06-18,2,19.99
T1468,P38,C149,2024-11-30,10,50.68
T1469,P46,C161,2024-09-14,5,77.83
T1470,P63,C195,2024-01-17,8,25.09
T1471,P87,C9,2024-09-10,5,7.63
T1472,P19,C20,2024-08-08,10,41.21
T1473,P11,C200,2024-07-16,8,24.64
T1474,P40,C166,2024-07-21,8,46.49
T1475,P93,C89,2024-05-18,4,74.49
T1476,P3,C175,2024-04-17,8,46.13
T1477,P18,C99,2024-11-05,2,88.54
T1478,P70,C195,2024-08-01,10,65.4
T1479,P16,C98,2024-02-09,3,98.4
T1480,P15,C11,2024-11-19,1,64.96
T1481,P20,C116,2024-07-26,6,16.28
T1482,P57,C133,2024-04-27,5,37.69
T1483,P10,C104,2024-10-24,4,31.67
T1484,P83,C175,2024-02-29,8,90.39
T1485,P46,C181,2024-07-26,3,70.97
T1486,P15,C139,2024-12-02,2,58.62
T1487,P74,C163,2024-10-06,5,41.97
T1488,P55,C44,2024-06-25,8,85.15
T1489,P87,C147,2024-11-25,10,96.15
T1490,P53,C122,2024-11-21,9,25.86
T1491,P68,C101,2024-05-04,10,71.31
T1492,P37,C189,2024-03-18,2,67.37
T1493,P87,C10,2024-03-22,1,72.95
T1494,P94,C132,2024-02-10,2,31.06
T1495,P97,C96,2024-02-02,10,19.87
T1496,P55,C200,2024-02-17,9,14.87
T1497,P90,C180,2024-11-01,7,39.61
T1498,P33,C157,2024-05-18,3,29.51
T1499,P63,C55,2024-07-12,6,28.33
T1500,P22,C57,2024-03-30,5,64.42
T1501,P65,C39,2024-04-24,9,29.07
T1502,P45,C75,2024-09-17,3,63.34
T1503,P92,C66,2024-06-13,6,60.2
T1504,P92,C48,2024-10-14,2,14.53
T1505,P4,C3,2024-04-21,7,71.62
T1506,P97,C162,2024-04-14,5,50.91
T1507,P74,C148,2024-09-19,9,83.34
T1508,P65,C44,2024-04-11,4,47.91
T1509,P32,C80,2024-11-16,4,53.27
T1510,P71,C43,2024-10-01,7,67.26
T1511,P27,C182,2024-10-03,6,27.17
T1512,P13,C6,2024-02-28,7,62.09
T1513,P57,C113,2024-07-15,6,62.93
T1514,P65,C41,2024-05-11,4,98.32
T1515,P67,C48,2024-01-01,7,70.17
T1516,P19,C173,2024-11-15,1,55.54
T1517,P61,C138,2024-03-17,7,48.0
T1518,P43,C27,2024-11-12,1,55.68
T1519,P38,C11,2024-11-06,2,74.17
T1520,P95,C12,2024-09-21,5,92.1
T1521,P73,C107,2024-11-10,5,39.32
T1522,P40,C173,2024-01-19,4,37.17
T1523,P84,C31,2024-08-27,10,54.01
T1524,P62,C65,2024-04-12,4,49.32
T1525,P8,C172,2024-08-22,2,49.85
T1526,P62,C11,2024-03-10,5,89.94
T1527,P31,C198,2024-02-24,1,23.47
T1528,P73,C96,2024-10-03,8,11.76
T1529,P74,C65,2024-08-11,10,59.97
T1530,P88,C47,2024-02-15,5,43.19
T1531,P31,C26,2024-09-30,2,95.63
T1532,P51,C151,2024-01-03,7,45.43
T1533,P89,C179,2024-07-04,2,27.97
T1534,P75,C76,2024-10-18,1,12.77
T1535,P75,C60,2024-02-07,8,13.96
T1536,P86,C31,2024-09-15,6,33.85
T1537,P11,C76,2024-09-05,5,78.16
T1538,P26,C63,2024-06-01,6,98.41
T1539,P63,C91,2024-07-31,9,46.45
T1540,P22,C76,2024-10-06,1,19.13
T1541,P61,C63,2024-09-24,2,55.72
T1542,P36,C118,2024-09-21,1,52.64
T1543,P38,C138,2024-09-26,1,86.27
T1544,P59,C171,2024-01-02,4,39.88
T1545,P47,C42,2024-08-12,7,20.1
T1546,P8,C94,2024-08-22,3,99.08
T1547,P28,C103,2024-02-14,1,24.16
T1548,P82,C178,2024-02-04,8,46.14
T1549,P80,C132,2024-03-30,7,61.76
T1550,P81,C163,2024-05-30,3,88.79
T1551,P37,C134,2024-11-04,10,6.95
T1552,P72,C165,2024-08-24,6,51.58
T1553,P79,C57,2024-06-02,8,35.65
T1554,P55,C79,2024-07-14,2,17.14
T1555,P95,C38,2024-01-03,7,85.43
T1556,P77,C135,2024-11-11,7,26.21
T1557,P67,C73,2024-01-17,5,36.79
T1558,P4,C136,2024-03-02,4,89.66
T1559,P72,C104,2024-07-21,9,99.96
T1560,P97,C174,2024-05-15,7,76.7
T1561,P79,C51,2024-10-18,6,31.76
T1562,P65,C194,2024-06-28,10,6.65
T1563,P20,C115,2024-06-20,8,84.28
T1564,P69,C170,2024-05-27,4,85.29
T1565,P32,C102,2024-06-21,1,87.23
T1566,P53,C112,2024-01-06,10,87.9
T1567,P25,C200,2024-07-11,8,32.85
T1568,P5,C98,2024-02-26,3,44.22
T1569,P30,C131,2024-10-02,8,44.06
T1570,P78,C161,2024-07-30,3,56.35
T1571,P60,C135,2024-04-06,8,67.71
T1572,P15,C86,2024-02-01,7,65.11
T1573,P27,C118,2024-04-07,4,72.53
T1574,P54,C22,2024-06-01,6,72.43
T1575,P63,C3,2024-03-23,6,70.62
T1576,P51,C111,2024-09-20,5,83.72
T1577,P84,C36,2024-04-07,10,40.53
T1578,P94,C154,2024-05-26,4,76.52
T1579,P6,C65,2024-04-09,3,72.83
T1580,P98,C136,2024-08-14,4,62.83
T1581,P22,C57,2024-09-07,6,32.32
T1582,P72,C41,2024-07-02,9,57.09
T1583,P38,C28,2024-08-05,2,56.6
T1584,P8,C72,2024-08-02,7,25.65
T1585,P86,C76,2024-01-01,1,20.79
T1586,P42,C55,2024-04-22,9,70.17
T1587,P4,C29,2024-08-07,7,64.27
T1588,P55,C157,2024-04-25,9,63.53
T1589,P93,C157,2024-11-05,6,47.79
T1590,P67,C54,2024-01-19,6,40.88
T1591,P42,C63,2024-10-05,3,15.22
T1592,P22,C178,2024-01-11,7,36.78
T1593,P15,C162,2024-11-15,9,98.95
T1594,P45,C65,2024-03-18,3,33.56
T1595,P92,C21,2024-06-19,3,36.66
T1596,P27,C131,2024-02-18,4,46.42
T1597,P70,C127,2024-09-08,5,33.91
T1598,P77,C11,2024-09-09,9,84.73
T1599,P52,C149,2024-11-24,9,56.62
T1600,P19,C69,2024-09-10,8,94.11
T1601,P78,C144,2024-09-10,10,96.22
T1602,P20,C67,2024-03-28,5,26.68
T1603,P6,C137,2024-05-08,4,77.61
T1604,P49,C150,2024-11-10,2,97.03
T1605,P9,C186,2024-07-28,2,62.14
T1606,P21,C126,2024-03-07,8,15.89
T1607,P36,C87,2024-08-09,7,74.61
T1608,P61,C35,2024-05-03,8,64.92
T1609,P33,C12,2024-01-01,2,27.58
T1610,P42,C19,2024-08-31,10,87.22
T1611,P95,C151,2024-10-05,3,24.79
T1612,P7,C115,2024-06-09,4,66.16
T1613,P5,C153,2024-10-17,5,36.07
T1614,P63,C93,2024-11-09,2,7.03
T1615,P36,C58,2024-09-02,8,50.33
T1616,P59,C157,2024-02-12,4,34.5
T1617,P99,C164,2024-05-08,7,19.34
T1618,P43,C47,2024-07-31,5,36.33
T1619,P13,C185,2024-06-17,2,75.27
T1620,P44,C93,2024-08-17,1,57.0
T1621,P70,C111,2024-10-04,9,8.66
T1622,P72,C2,2024-10-05,8,75.44
T1623,P81,C73,2024-07-08,10,17.84
T1624,P53,C83,2024-08-18,1,55.82
T1625,P92,C53,2024-02-07,2,80.08
T1626,P99,C153,2024-04-13,6,50.42
T1627,P55,C24,2024-01-09,4,50.65
T1628,P24,C64,2024-09-22,2,69.64
T1629,P97,C197,2024-10-07,6,97.92
T1630,P9,C177,2024-01-07,7,49.08
T1631,P35,C181,2024-07-22,2,85.73
T1632,P8,C47,2024-06-24,7,81.69
T1633,P51,C54,2024-06-15,6,92.67
T1634,P48,C105,2024-11-04,3,12.78
T1635,P11,C105,2024-02-04,7,24.65
T1636,P11,C29,2024-03-04,4,65.88
T1637,P56,C178,2024-09-13,1,81.74
T1638,P28,C137,2024-12-07,10,69.23
T1639,P75,C102,2024-06-07,10,42.37
T1640,P58,C188,2024-05-17,2,36.25
T1641,P100,C82,2024-10-23,6,93.34
T1642,P69,C94,2024-04-27,2,26.31
T1643,P56,C109,2024-03-24,9,68.36
T1644,P19,C159,2024-11-10,1,61.9
T1645,P52,C192,2024-10-06,7,30.21
T1646,P9,C138,2024-07-29,1,60.9
T1647,P18,C51,2024-03-30,5,62.77
T1648,P21,C164,2024-09-03,8,45.52
T1649,P99,C30,2024-12-01,7,17.03
T1650,P80,C86,2024-03-20,7,31.35
T1651,P8,C47,2024-02-21,10,39.1
T1652,P82,C22,2024-10-11,9,26.5
T1653,P27,C6,2024-11-02,3,12.86
T1654,P81,C106,2024-08-23,5,53.37
T1655,P94,C182,2024-06-13,3,11.41
T1656,P100,C79,2024-06-23,4,37.3
T1657,P64,C87,2024-07-25,5,73.86
T1658,P91,C59,2024-04-11,6,81.94
T1659,P46,C42,2024-01-08,1,43.74
T1660,P38,C59,2024-07-17,8,14.99
T1661,P61,C13,2024-05-04,10,12.12
T1662,P14,C7,2024-04-07,9,97.7
T1663,P78,C70,2024-07-28,2,99.71
T1664,P87,C39,2024-05-23,9,86.3
T1665,P36,C189,2024-03-08,10,30.14
T1666,P31,C199,2024-07-03,3,74.73
T1667,P3,C200,2024-07-05,4,59.31
T1668,P21,C89,2024-02-24,1,22.08
T1669,P84,C115,2024-11-04,8,45.88
T1670,P45,C118,2024-07-10,1,39.88
T1671,P72,C95,2024-06-05,10,30.61
T1672,P50,C12,2024-05-30,9,38.67
T1673,P46,C126,2024-03-08,1,78.63
T1674,P80,C23,2024-04-28,7,54.21
T1675,P25,C30,2024-07-08,3,75.25
T1676,P74,C65,2024-02-25,6,82.84
T1677,P97,C64,2024-02-10,9,74.15
T1678,P48,C66,2024-07-21,1,19.71
T1679,P73,C92,2024-04-30,8,54.78
T1680,P88,C53,2024-05-08,5,90.25
T1681,P90,C28,2024-08-08,1,35.65
T1682,P67,C162,2024-02-25,10,30.18
T1683,P77,C108,2024-10-31,8,28.0
T1684,P43,C8,2024-04-12,3,71.53
T1685,P76,C159,2024-08-23,5,94.01
T1686,P14,C112,2024-06-09,5,78.93
T1687,P100,C130,2024-12-09,4,70.97
T1688,P44,C78,2024-09-29,2,90.74
T1689,P84,C7,2024-08-29,7,73.29
T1690,P96,C124,2024-06-14,9,29.57
T1691,P21,C15,2024-09-30,5,99.04
T1692,P46,C80,2024-03-25,7,80.71
T1693,P77,C127,2024-03-10,7,29.89
T1694,P18,C25,2024-11-06,10,51.66
T1695,P89,C108,2024-10-27,2,40.96
T1696,P67,C37,2024-03-09,8,76.56
T1697,P8,C145,2024-08-01,9,39.09
T1698,P53,C22,2024-07-17,8,28.03
T1699,P65,C73,2024-01-07,7,69.19
T1700,P97,C162,2024-10-31,1,10.08
T1701,P34,C68,2024-10-19,1,45.87
T1702,P68,C21,2024-07-31,6,68.57
T1703,P83,C18,2024-02-22,1,85.93
T1704,P15,C187,2024-05-30,1,30.64
T1705,P8,C157,2024-07-29,4,87.04
T1706,P2,C52,2024-01-30,4,92.16
T1707,P97,C1,2024-11-30,6,89.54
T1708,P43,C180,2024-06-30,5,72.86
T1709,P17,C21,2024-05-15,1,43.74
T1710,P12,C12,2024-02-11,1,14.77
T1711,P83,C102,2024-11-04,4,55.28
T1712,P31,C91,2024-12-03,6,39.35
T1713,P78,C77,2024-08-29,4,77.83
T1714,P62,C56,2024-10-28,2,18.96
T1715,P54,C18,2024-03-03,3,39.21
T1716,P15,C7,2024-11-10,5,31.0
T1717,P22,C116,2024-04-07,9,11.47
T1718,P34,C109,2024-01-25,8,58.41
T1719,P74,C146,2024-02-07,5,34.21
T1720,P30,C43,2024-02-17,1,64.73
T1721,P99,C48,2024-05-30,9,12.6
T1722,P75,C64,2024-07-20,5,96.23
T1723,P33,C87,2024-04-07,6,38.03
T1724,P52,C4,2024-10-14,7,21.62
T1725,P41,C162,2024-01-25,5,27.71
T1726,P5,C155,2024-07-16,9,64.05
T1727,P52,C25,2024-01-20,4,75.35
T1728,P63,C57,2024-09-05,3,6.62
T1729,P68,C102,2024-04-20,2,63.17
T1730,P53,C85,2024-08-05,1,25.49
T1731,P49,C194,2024-08-10,5,48.8
T1732,P26,C55,2024-03-30,4,84.1
T1733,P97,C137,2024-08-12,6,60.89
T1734,P92,C97,2024-05-09,5,40.99
T1735,P21,C39,2024-04-12,10,86.5
T1736,P45,C135,2024-10-05,6,35.65
T1737,P39,C74,2024-06-17,9,86.18
T1738,P13,C22,2024-08-16,2,71.51
T1739,P13,C118,2024-06-18,10,41.16
T1740,P59,C107,2024-09-02,2,76.31
T1741,P100,C103,2024-09-27,10,49.51
T1742,P63,C40,2024-08-02,7,83.03
T1743,P18,C175,2024-01-21,3,47.46
T1744,P25,C119,2024-04-20,6,99.94
T1745,P67,C90,2024-01-31,3,9.19
T1746,P46,C39,2024-03-31,6,93.8
T1747,P81,C163,2024-07-21,7,67.84
T1748,P43,C180,2024-11-08,8,23.29
T1749,P68,C151,2024-07-06,3,13.02
T1750,P73,C38,2024-01-12,2,80.78
T1751,P10,C68,2024-06-17,4,13.82
T1752,P49,C168,2024-08-04,7,87.83
T1753,P54,C83,2024-08-06,10,11.01
T1754,P84,C113,2024-01-28,7,47.44
T1755,P66,C118,2024-03-30,6,20.49
T1756,P90,C12,2024-06-20,8,92.46
T1757,P19,C168,2024-06-10,4,69.24
T1758,P26,C129,2024-11-21,10,40.39
T1759,P70,C159,2024-07-06,6,42.79
T1760,P59,C26,2024-03-17,9,36.24
T1761,P84,C133,2024-10-06,5,59.16
T1762,P2,C84,2024-11-09,1,84.56
T1763,P48,C200,2024-01-31,9,64.24
T1764,P9,C35,2024-05-15,10,61.66
T1765,P53,C114,2024-07-09,8,90.51
T1766,P6,C18,2024-07-15,7,95.78
T1767,P68,C92,2024-06-07,6,27.61
T1768,P40,C54,2024-01-17,6,97.22
T1769,P47,C38,2024-06-06,8,94.7
T1770,P85,C126,2024-11-08,6,33.31
T1771,P94,C70,2024-07-24,3,42.94
T1772,P33,C20,2024-11-19,9,20.92
T1773,P35,C5,2024-10-26,6,51.99
T1774,P55,C83,2024-10-29,1,51.39
T1775,P91,C151,2024-06-30,4,9.64
T1776,P72,C50,2024-06-02,5,48.95
T1777,P20,C198,2024-08-19,6,16.42
T1778,P44,C142,2024-01-05,2,73.77
T1779,P75,C129,2024-01-14,7,91.08
T1780,P73,C194,2024-11-20,5,75.6
T1781,P62,C82,2024-03-06,10,34.77
T1782,P32,C46,2024-10-05,8,18.77
T1783,P25,C51,2024-12-09,4,76.55
T1784,P47,C10,2024-03-22,1,79.74
T1785,P99,C154,2024-10-06,1,65.63
T1786,P30,C159,2024-07-20,5,53.83
T1787,P79,C117,2024-03-28,2,26.85
T1788,P31,C87,2024-10-11,9,72.78
T1789,P5,C200,2024-04-01,8,6.22
T1790,P70,C13,2024-11-10,4,72.79
T1791,P45,C124,2024-01-25,7,73.75
T1792,P54,C84,2024-04-17,5,26.42
T1793,P98,C171,2024-12-05,9,5.33
T1794,P77,C118,2024-05-02,4,11.05
T1795,P26,C134,2024-06-15,2,86.73
T1796,P51,C124,2024-02-29,4,33.3
T1797,P18,C67,2024-08-03,7,99.78
T1798,P16,C56,2024-11-29,5,54.37
T1799,P27,C113,2024-01-25,2,98.33
T1800,P84,C73,2024-01-09,7,72.03
T1801,P10,C121,2024-10-19,2,33.51
T1802,P94,C29,2024-01-03,3,49.65
T1803,P75,C40,2024-07-18,5,67.63
T1804,P25,C43,2024-10-29,1,39.55
T1805,P99,C48,2024-11-12,9,67.86
T1806,P27,C127,2024-05-26,8,66.49
T1807,P80,C141,2024-09-11,4,62.97
T1808,P36,C125,2024-09-06,3,22.18
T1809,P44,C146,2024-06-26,2,94.33
T1810,P32,C154,2024-11-02,6,44.81
T1811,P10,C29,2024-07-03,4,56.35
T1812,P35,C147,2024-01-06,1,16.6
T1813,P36,C185,2024-09-17,6,9.16
T1814,P35,C92,2024-10-03,3,98.32
T1815,P41,C42,2024-06-15,3,49.37
T1816,P10,C97,2024-02-07,3,67.57
T1817,P16,C185,2024-02-03,2,27.94
T1818,P100,C165,2024-02-18,6,90.05
T1819,P83,C67,2024-12-07,3,47.25
T1820,P8,C169,2024-12-03,5,10.69
T1821,P21,C51,2024-05-01,5,17.81
T1822,P50,C90,2024-03-07,9,49.4
T1823,P37,C134,2024-08-23,2,39.91
T1824,P22,C94,2024-05-17,1,13.8
T1825,P98,C95,2024-05-07,7,49.32
T1826,P91,C20,2024-11-30,3,53.06
T1827,P50,C154,2024-08-19,1,93.37
T1828,P44,C54,2024-08-27,4,17.45
T1829,P52,C124,2024-01-31,1,19.78
T1830,P48,C121,2024-01-30,1,79.78
T1831,P99,C135,2024-06-10,5,51.13
T1832,P70,C21,2024-03-22,3,94.58
T1833,P46,C42,2024-08-26,4,19.06
T1834,P24,C47,2024-06-26,3,31.43
T1835,P66,C123,2024-09-15,8,47.43
T1836,P41,C122,2024-08-13,10,40.6
T1837,P43,C190,2024-07-31,3,90.15
T1838,P18,C22,2024-11-29,8,68.06
T1839,P57,C23,2024-05-25,1,68.12
T1840,P36,C74,2024-04-14,4,29.41
T1841,P37,C15,2024-08-03,6,29.74
T1842,P46,C173,2024-07-10,2,26.23
T1843,P100,C72,2024-09-05,9,5.6
T1844,P93,C81,2024-10-28,5,81.72
T1845,P50,C142,2024-03-15,7,54.06
T1846,P18,C176,2024-11-19,6,85.61
T1847,P82,C100,2024-10-03,1,50.57
T1848,P85,C32,2024-02-01,2,20.98
T1849,P88,C173,2024-10-14,9,64.57
T1850,P50,C124,2024-06-09,5,98.92
T1851,P6,C99,2024-01-26,7,69.94
T1852,P57,C140,2024-09-03,7,40.43
T1853,P27,C158,2024-07-16,10,64.51
T1854,P97,C118,2024-09-18,5,23.32
T1855,P61,C96,2024-01-14,6,14.59
T1856,P40,C171,2024-09-09,7,72.44
T1857,P16,C67,2024-09-29,1,40.53
T1858,P80,C176,2024-11-06,5,21.23
T1859,P70,C57,2024-02-03,10,6.09
T1860,P85,C79,2024-06-30,1,20.57
T1861,P64,C181,2024-05-29,6,49.08
T1862,P73,C17,2024-08-17,3,98.89
T1863,P58,C58,2024-01-30,8,73.57
T1864,P4,C146,2024-11-20,9,93.94
T1865,P6,C175,2024-06-03,4,31.44
T1866,P16,C190,2024-07-29,5,81.44
T1867,P88,C71,2024-04-24,8,27.53
T1868,P19,C47,2024-05-13,8,93.57
T1869,P44,C200,2024-05-28,3,71.2
T1870,P90,C5,2024-07-07,5,12.29
T1871,P91,C179,2024-01-05,6,57.13
T1872,P22,C126,2024-01-20,5,65.15
T1873,P3,C155,2024-06-20,7,41.01
T1874,P45,C127,2024-03-15,6,83.36
T1875,P79,C132,2024-01-05,7,67.37
T1876,P69,C138,2024-01-04,2,71.18
T1877,P83,C60,2024-10-25,8,21.72
T1878,P76,C54,2024-11-21,2,6.12
T1879,P97,C37,2024-03-17,4,59.79
T1880,P15,C91,2024-01-28,1,97.98
T1881,P43,C126,2024-02-29,6,79.78
T1882,P83,C63,2024-07-26,10,96.65
T1883,P42,C86,2024-01-24,8,5.68
T1884,P51,C114,2024-05-31,2,79.92
T1885,P47,C121,2024-07-15,4,78.58
T1886,P20,C90,2024-02-11,3,19.6
T1887,P17,C148,2024-05-10,2,68.96
T1888,P86,C16,2024-11-07,3,64.3
T1889,P29,C188,2024-07-02,6,98.45
T1890,P36,C193,2024-09-12,7,97.0
T1891,P22,C145,2024-06-29,7,81.45
T1892,P20,C75,2024-03-28,4,37.36
T1893,P98,C126,2024-03-27,10,43.59
T1894,P41,C15,2024-06-12,1,98.81
T1895,P82,C167,2024-05-18,3,58.23
T1896,P46,C16,2024-04-30,5,77.55
T1897,P74,C24,2024-01-01,6,63.84
T1898,P14,C196,2024-06-24,4,77.39
T1899,P38,C42,2024-06-07,7,36.55
T1900,P93,C54,2024-07-20,2,44.16
T1901,P42,C105,2024-04-05,9,6.06
T1902,P90,C115,2024-07-01,5,81.67
T1903,P31,C160,2024-08-04,6,54.76
T1904,P47,C78,2024-10-31,2,8.09
T1905,P79,C123,2024-08-16,1,46.96
T1906,P29,C116,2024-05-02,6,63.04
T1907,P62,C128,2024-04-27,10,30.68
T1908,P75,C13,2024-04-26,9,24.14
T1909,P72,C10,2024-11-29,9,9.98
T1910,P22,C11,2024-07-28,1,32.21
T1911,P27,C168,2024-08-01,7,67.32
T1912,P36,C151,2024-10-08,10,72.77
T1913,P61,C56,2024-04-12,6,39.72
T1914,P30,C26,2024-07-31,6,27.47
T1915,P72,C42,2024-12-11,9,92.07
T1916,P91,C68,2024-01-07,9,50.46
T1917,P97,C84,2024-05-05,10,29.34
T1918,P90,C16,2024-09-24,3,84.5
T1919,P30,C130,2024-03-30,1,15.76
T1920,P73,C171,2024-03-30,6,74.48
T1921,P17,C69,2024-09-15,4,42.86
T1922,P65,C113,2024-05-25,1,30.07
T1923,P68,C24,2024-10-18,6,41.26
T1924,P22,C185,2024-01-16,8,38.77
T1925,P56,C20,2024-04-08,10,31.89
T1926,P64,C124,2024-11-03,1,24.65
T1927,P82,C127,2024-05-18,8,66.0
T1928,P60,C178,2024-05-06,1,6.69
T1929,P99,C40,2024-11-09,8,76.66
T1930,P4,C11,2024-07-18,4,50.07
T1931,P60,C153,2024-03-28,9,64.75
T1932,P52,C127,2024-11-24,6,95.89
T1933,P52,C195,2024-08-23,3,86.95
T1934,P87,C117,2024-11-06,2,60.26
T1935,P13,C76,2024-02-19,3,78.38
T1936,P1,C92,2024-03-11,1,43.97
T1937,P9,C70,2024-05-12,7,29.39
T1938,P24,C78,2024-05-02,7,22.14
T1939,P31,C101,2024-01-14,2,76.61
T1940,P10,C12,2024-01-07,8,71.98
T1941,P38,C45,2024-09-03,6,63.28
T1942,P24,C70,2024-01-01,9,62.91
T1943,P97,C27,2024-10-21,5,55.76
T1944,P71,C170,2024-04-12,4,26.01
T1945,P56,C4,2024-03-21,6,67.28
T1946,P60,C148,2024-12-09,1,38.73
T1947,P9,C126,2024-02-12,7,10.75
T1948,P24,C8,2024-09-20,9,93.87
T1949,P15,C26,2024-06-16,5,48.06
T1950,P93,C88,2024-06-08,3,10.28
T1951,P59,C147,2024-04-25,9,93.97
T1952,P37,C151,2024-09-19,4,87.06
T1953,P12,C142,2024-07-10,7,69.43
T1954,P78,C172,2024-06-26,4,44.7
T1955,P72,C107,2024-09-28,1,64.76
T1956,P38,C153,2024-11-16,10,12.03
T1957,P90,C12,2024-11-09,7,36.86
T1958,P30,C68,2024-03-13,7,29.47
T1959,P93,C156,2024-05-16,3,19.77
T1960,P44,C22,2024-12-04,4,57.12
T1961,P38,C132,2024-02-16,6,5.76
T1962,P62,C127,2024-04-06,4,64.72
T1963,P66,C24,2024-01-31,4,64.06
T1964,P51,C121,2024-02-07,9,93.52
T1965,P91,C32,2024-11-27,9,56.36
T1966,P7,C38,2024-05-16,7,23.53
T1967,P42,C82,2024-08-04,2,94.89
T1968,P6,C89,2024-07-23,3,96.76
T1969,P93,C155,2024-09-29,4,35.28
T1970,P75,C55,2024-06-16,10,91.12
T1971,P32,C79,2024-09-15,3,55.58
T1972,P99,C3,2024-01-17,2,5.13
T1973,P58,C56,2024-01-11,6,23.74
T1974,P66,C3,2024-07-29,3,36.3
T1975,P20,C89,2024-07-05,6,35.85
T1976,P24,C43,2024-04-05,1,39.92
T1977,P63,C17,2024-05-24,5,94.02
T1978,P33,C190,2024-06-24,6,53.11
T1979,P11,C77,2024-08-10,2,98.95
T1980,P80,C116,2024-03-19,1,37.06
T1981,P65,C153,2024-08-12,7,50.22
T1982,P15,C46,2024-11-07,6,35.64
T1983,P28,C124,2024-06-21,4,6.52
T1984,P3,C200,2024-03-19,2,50.68
T1985,P9,C194,2024-11-02,3,28.82
T1986,P62,C61,2024-04-16,7,25.38
T1987,P23,C69,2024-07-18,1,55.94
T1988,P49,C131,2024-03-16,5,29.55
T1989,P88,C71,2024-01-23,7,21.42
T1990,P34,C143,2024-12-05,9,92.77
T1991,P46,C147,2024-01-17,6,42.78
T1992,P51,C85,2024-07-24,5,41.69
T1993,P68,C104,2024-05-30,4,32.4
T1994,P81,C3,2024-11-27,3,92.27
T1995,P25,C66,2024-03-29,9,15.57
T1996,P31,C174,2024-03-05,1,6.82
T1997,P2,C30,2024-07-18,2,48.93
T1998,P6,C30,2024-08-01,3,30.27
T1999,P19,C85,2024-02-04,6,37.98
